[
  {
    "Registry": "hc-us-east-aws-artifactory.cloud.health.ge.com",
    "Repository": "docker-algorithm-orchestrator-dev-all/redis",
    "Tag": "6.0.9-alpine3.12",
    "Id": "sha256:c1949ec48c51d73e24be652eb3bcba0477121d7970f05abc234c2d5aef97d1a7",
    "Scan Time": 0.037927083333333333,
    "Pass": true,
    "Type": "ciImage",
    "Distro": "alpine-3.12.1",
    "Hostname": "INBLREVRACBR026",
    "CVE ID": "CVE-2021-30139",
    "Compliance ID": 46,
    "Type_1": "OS",
    "Severity": "high",
    "Packages": "apk-tools",
    "Package Version": "2.10.5-r1",
    "Package License": "GPL-2.0-only",
    "CVSS": 7.5,
    "Fix Status": "fixed in 2.10.6-r0",
    "Fix Date": 0.010416666666666666,
    "Description": "In Alpine Linux apk-tools before 2.12.5, the tarball parser allows a buffer overflow and crash.",
    "Published": 0.010416666666666666,
    "Vulnerability Link": "https://nvd.nist.gov/vuln/detail/CVE-2021-30139",
    "Vulnerability Status": "Open",
    "Comment 1": "",
    "Comment 2": "",
    "Comment 3": "",
    "Due Date": "2023-07-20T09:29:16.052Z"
  },
  {
    "Registry": "hc-us-east-aws-artifactory.cloud.health.ge.com",
    "Repository": "docker-algorithm-orchestrator-dev-all/redis",
    "Tag": "6.0.9-alpine3.12",
    "Id": "sha256:c1949ec48c51d73e24be652eb3bcba0477121d7970f05abc234c2d5aef97d1a7",
    "Scan Time": 0.037927083333333333,
    "Pass": true,
    "Type": "ciImage",
    "Distro": "alpine-3.12.1",
    "Hostname": "INBLREVRACBR026",
    "CVE ID": "CVE-2021-36159",
    "Compliance ID": 46,
    "Type_1": "OS",
    "Severity": "critical",
    "Packages": "apk-tools",
    "Package Version": "2.10.5-r1",
    "Package License": "GPL-2.0-only",
    "CVSS": 9.1,
    "Fix Status": "fixed in 2.10.7-r0",
    "Fix Date": 0.010416666666666666,
    "Description": "libfetch before 2021-07-26, as used in apk-tools, xbps, and other products, mishandles numeric strings for the FTP and HTTP protocols. The FTP passive mode implementation allows an out-of-bounds read because strtol is used to parse the relevant numbers into address bytes. It does not check if the line ends prematurely. If it does, the for-loop condition checks for the \\'\\0\\' terminator one byte too late.",
    "Published": 0.010416666666666666,
    "Vulnerability Link": "https://nvd.nist.gov/vuln/detail/CVE-2021-36159",
    "Vulnerability Status": "Open",
    "Comment 1": "",
    "Comment 2": "",
    "Comment 3": "",
    "Due Date": "2023-07-20T09:29:16.052Z"
  },
  {
    "Registry": "hc-us-east-aws-artifactory.cloud.health.ge.com",
    "Repository": "docker-algorithm-orchestrator-dev-all/redis",
    "Tag": "6.0.9-alpine3.12",
    "Id": "sha256:c1949ec48c51d73e24be652eb3bcba0477121d7970f05abc234c2d5aef97d1a7",
    "Scan Time": 0.037927083333333333,
    "Pass": true,
    "Type": "ciImage",
    "Distro": "alpine-3.12.1",
    "Hostname": "INBLREVRACBR026",
    "CVE ID": "CVE-2018-25032",
    "Compliance ID": 46,
    "Type_1": "OS",
    "Severity": "high",
    "Packages": "zlib",
    "Package Version": "1.2.11-r3",
    "Package License": "Zlib",
    "CVSS": 7.5,
    "Fix Status": "fixed in 1.2.12-r0",
    "Fix Date": 0.010416666666666666,
    "Description": "zlib before 1.2.12 allows memory corruption when deflating (i.e., when compressing) if the input has many distant matches.",
    "Published": 0,
    "Vulnerability Link": "https://nvd.nist.gov/vuln/detail/CVE-2018-25032",
    "Vulnerability Status": "Open",
    "Comment 1": "",
    "Comment 2": "",
    "Comment 3": "",
    "Due Date": "2023-07-20T09:29:16.052Z"
  },
  {
    "Registry": "hc-us-east-aws-artifactory.cloud.health.ge.com",
    "Repository": "docker-algorithm-orchestrator-dev-all/redis",
    "Tag": "6.0.9-alpine3.12",
    "Id": "sha256:6b3f0f2b83d2d486f99de2c56e1833f0a833d6ad76a023ea6a84edc7f4d98d07",
    "Scan Time": 0.037927083333333333,
    "Pass": true,
    "Type": "ciImage",
    "Distro": "alpine-3.12.1",
    "Hostname": "INBLREVRACBR026",
    "CVE ID": "CVE-2021-3156",
    "Compliance ID": 46,
    "Type_1": "OS",
    "Severity": "critical",
    "Packages": "sudo",
    "Package Version": "1.9.5p2-r0",
    "Package License": "ISC",
    "CVSS": 7.8,
    "Fix Status": "fixed in 1.9.5p2-r1",
    "Fix Date": 0.010416666666666666,
    "Description": "Heap-based buffer overflow in Sudo before 1.9.5p2 allows privilege escalation to root via `sudoedit -s` and a command-line argument that ends with a single backslash character, which can cause a length calculation error leading to a buffer overflow.",
    "Published": 0.010416666666666666,
    "Vulnerability Link": "https://nvd.nist.gov/vuln/detail/CVE-2021-3156",
    "Vulnerability Status": "Open",
    "Comment 1": "",
    "Comment 2": "",
    "Comment 3": "",
    "Due Date": "2023-07-20T09:29:16.052Z"
  },
  {
    "Registry": "hc-us-east-aws-artifactory.cloud.health.ge.com",
    "Repository": "docker-algorithm-orchestrator-dev-all/redis",
    "Tag": "6.0.9-alpine3.12",
    "Id": "sha256:7d50b0a1ff84b229e88825d10d8a8f0ccbe1bea1b0674e550251e7bc03c1fb2c",
    "Scan Time": 0.037927083333333333,
    "Pass": false,
    "Type": "ciImage",
    "Distro": "alpine-3.12.1",
    "Hostname": "INBLREVRACBR026",
    "CVE ID": "CVE-2021-34556",
    "Compliance ID": 46,
    "Type_1": "OS",
    "Severity": "medium",
    "Packages": "openssl",
    "Package Version": "1.1.1k-r0",
    "Package License": "Apache-2.0",
    "CVSS": 5.3,
    "Fix Status": "fixed in 1.1.1k-r1",
    "Fix Date": 0.010416666666666666,
    "Description": "An OpenSSL TLS server may crash if sent a maliciously crafted renegotiation ClientHello message from a client. If a TLSv1.2 renegotiation ClientHello omits the signature_algorithms extension (where it was present in the initial ClientHello), but includes a signature_algorithms_cert extension then a NULL pointer dereference will result, leading to a crash and a denial of service attack.",
    "Published": 0.010416666666666666,
    "Vulnerability Link": "https://nvd.nist.gov/vuln/detail/CVE-2021-34556",
    "Vulnerability Status": "Open",
    "Comment 1": "",
    "Comment 2": "",
    "Comment 3": "",
    "Due Date": "2023-07-20T09:29:16.052Z"
  },
  {
    "Registry": "hc-us-east-aws-artifactory.cloud.health.ge.com",
    "Repository": "docker-algorithm-orchestrator-dev-all/redis",
    "Tag": "6.0.9-alpine3.12",
    "Id": "sha256:15f9a37afcfb77b6e7b4000fd486c01bc3a4b04c4e20b43fd883dd1b6f3b34a8",
    "Scan Time": 0.037927083333333333,
    "Pass": true,
    "Type": "ciImage",
    "Distro": "alpine-3.12.1",
    "Hostname": "INBLREVRACBR026",
    "CVE ID": "CVE-2020-15995",
    "Compliance ID": 46,
    "Type_1": "OS",
    "Severity": "low",
    "Packages": "bash",
    "Package Version": "5.1.0-r0",
    "Package License": "GPL-3.0-only",
    "CVSS": 3.7,
    "Fix Status": "fixed in 5.1.0-r1",
    "Fix Date": 0.010416666666666666,
    "Description": "GNU Bash through 5.0 patch 11 has a NULL pointer dereference in get_token from eval.c under conditions of unquoted command substitution with an empty value.",
    "Published": 0.010416666666666666,
    "Vulnerability Link": "https://nvd.nist.gov/vuln/detail/CVE-2020-15995",
    "Vulnerability Status": "Open",
    "Comment 1": "",
    "Comment 2": "",
    "Comment 3": "",
    "Due Date": "2023-07-20T09:29:16.052Z"
  },
  {
    "Registry": "hc-us-east-aws-artifactory.cloud.health.ge.com",
    "Repository": "docker-algorithm-orchestrator-dev-all/redis",
    "Tag": "6.0.9-alpine3.12",
    "Id": "sha256:70c9798726a4429e9ae3bb9b8d9ab7ce692c6d5f5b5a382e810292ff3ff3a548",
    "Scan Time": 0.037927083333333333,
    "Pass": false,
    "Type": "ciImage",
    "Distro": "alpine-3.12.1",
    "Hostname": "INBLREVRACBR026",
    "CVE ID": "CVE-2021-22222",
    "Compliance ID": 46,
    "Type_1": "OS",
    "Severity": "medium",
    "Packages": "nginx",
    "Package Version": "1.21.0-r3",
    "Package License": "BSD-2-Clause",
    "CVSS": 6.2,
    "Fix Status": "fixed in 1.21.1-r0",
    "Fix Date": 0.010416666666666666,
    "Description": "In NGINX before versions 1.21.1 and 1.20.1, an integer overflow in the range filter module might allow an attacker to bypass security checks in NGINX by specially crafted range HTTP requests.",
    "Published": 0.010416666666666666,
    "Vulnerability Link": "https://nvd.nist.gov/vuln/detail/CVE-2021-22222",
    "Vulnerability Status": "Open",
    "Comment 1": "",
    "Comment 2": "",
    "Comment 3": "",
    "Due Date": "2023-07-20T09:29:16.052Z"
  },
  {
    "Registry": "hc-us-east-aws-artifactory.cloud.health.ge.com",
    "Repository": "docker-algorithm-orchestrator-dev-all/redis",
    "Tag": "6.0.9-alpine3.12",
    "Id": "sha256:89370a5517e5b6c2882f6d2028ffcc5d3e90c9139c0c456ebd84ae3434cb2675",
    "Scan Time": 0.037927083333333333,
    "Pass": true,
    "Type": "ciImage",
    "Distro": "alpine-3.12.1",
    "Hostname": "INBLREVRACBR026",
    "CVE ID": "CVE-2021-12345",
    "Compliance ID": 46,
    "Type_1": "Application",
    "Severity": "low",
    "Packages": "nodejs",
    "Package Version": "14.17.3-r0",
    "Package License": "MIT",
    "CVSS": 3.1,
    "Fix Status": "fixed in 14.17.4-r0",
    "Fix Date": 0.010416666666666666,
    "Description": "In Node.js before versions 14.17.4, 12.22.4, and 16.4.1, an attacker who is able to cause a user to open a crafted WebSocket connection may be able to cause a denial of service.",
    "Published": 0.010416666666666666,
    "Vulnerability Link": "https://nvd.nist.gov/vuln/detail/CVE-2021-12345",
    "Vulnerability Status": "Open",
    "Comment 1": "",
    "Comment 2": "",
    "Comment 3": "",
    "Due Date": "2023-07-20T09:29:16.052Z"
  },
  {
    "Registry": "hc-us-east-aws-artifactory.cloud.health.ge.com",
    "Repository": "docker-algorithm-orchestrator-dev-all/redis",
    "Tag": "6.0.9-alpine3.12",
    "Id": "sha256:a87628a75c6b1260d2ae628a774d63a0b8a0a70d9a625ad0b02f63a5d31b8b76",
    "Scan Time": 0.037927083333333333,
    "Pass": true,
    "Type": "ciImage",
    "Distro": "alpine-3.12.1",
    "Hostname": "INBLREVRACBR026",
    "CVE ID": "CVE-2020-15228",
    "Compliance ID": 46,
    "Type_1": "Application",
    "Severity": "high",
    "Packages": "mysql",
    "Package Version": "8.0.25-r0",
    "Package License": "GPL-2.0-or-later",
    "CVSS": 7.8,
    "Fix Status": "fixed in 8.0.26-r0",
    "Fix Date": 0.010416666666666666,
    "Description": "MySQL Server through 8.0.25 allows a remote authenticated attacker to execute arbitrary code because of an argument injection issue in libmysqlclient.",
    "Published": 0.010416666666666666,
    "Vulnerability Link": "https://nvd.nist.gov/vuln/detail/CVE-2020-15228",
    "Vulnerability Status": "Open",
    "Comment 1": "",
    "Comment 2": "",
    "Comment 3": "",
    "Due Date": "2023-07-20T09:29:16.052Z"
  },
  {
    "Registry": "hc-us-east-aws-artifactory.cloud.health.ge.com",
    "Repository": "docker-algorithm-orchestrator-dev-all/redis",
    "Tag": "6.0.9-alpine3.12",
    "Id": "sha256:9d15605d6a46fc46b20fd6511f44f91ab014cc659225a5f68eacee9b0ee77a2e",
    "Scan Time": 0.037927083333333333,
    "Pass": true,
    "Type": "ciImage",
    "Distro": "alpine-3.12.1",
    "Hostname": "INBLREVRACBR026",
    "CVE ID": "CVE-2021-54321",
    "Compliance ID": 46,
    "Type_1": "Application",
    "Severity": "medium",
    "Packages": "apache",
    "Package Version": "2.4.46-r1",
    "Package License": "Apache-2.0",
    "CVSS": 5.4,
    "Fix Status": "fixed in 2.4.46-r2",
    "Fix Date": 0.010416666666666666,
    "Description": "In Apache HTTP Server 2.4 releases 2.4.38 to 2.4.46, a specially crafted value for the 'Cache-Digest' header in a HTTP/2 request would result in a crash when the server actually tries to HTTP/2 PUSH a resource afterwards.",
    "Published": 0.010416666666666666,
    "Vulnerability Link": "https://nvd.nist.gov/vuln/detail/CVE-2021-54321",
    "Vulnerability Status": "Open",
    "Comment 1": "",
    "Comment 2": "",
    "Comment 3": "",
    "Due Date": "2023-07-20T09:29:16.052Z"
  },
  {
    "Registry": "hc-us-east-aws-artifactory.cloud.health.ge.com",
    "Repository": "docker-algorithm-orchestrator-dev-all/redis",
    "Tag": "6.0.9-alpine3.12",
    "Id": "sha256:e20173c6f8d3cace840289b989576c6306383e34d0d3dc019d725880aed66a7d",
    "Scan Time": 0.037927083333333333,
    "Pass": true,
    "Type": "ciImage",
    "Distro": "alpine-3.12.1",
    "Hostname": "INBLREVRACBR026",
    "CVE ID": "CVE-2021-98765",
    "Compliance ID": 46,
    "Type_1": "OS",
    "Severity": "low",
    "Packages": "glibc",
    "Package Version": "2.32-r0",
    "Package License": "LGPL-2.1-or-later",
    "CVSS": 3.3,
    "Fix Status": "fixed in 2.32-r1",
    "Fix Date": 0.010416666666666666,
    "Description": "In glibc through 2.32, when processing malformed DNS responses, the functions `__nss_hostname_digits_dots()`, `gethostbyname2()`, and `gethostbyname_r()` fail to sanitize sufficiently a hostname string before passing it to `__inet_pton()`. This affects the functions `getaddrinfo()` and `getnameinfo()` and others.",
    "Published": 0.010416666666666666,
    "Vulnerability Link": "https://nvd.nist.gov/vuln/detail/CVE-2021-98765",
    "Vulnerability Status": "Open",
    "Comment 1": "",
    "Comment 2": "",
    "Comment 3": "",
    "Due Date": "2023-07-20T09:29:16.052Z"
  },
  {
    "Registry": "hc-us-east-aws-artifactory.cloud.health.ge.com",
    "Repository": "docker-algorithm-orchestrator-dev-all/redis",
    "Tag": "6.0.9-alpine3.12",
    "Id": "sha256:43b7c237e04abef3c0b441dc7a203c6b1a0b943f1e10fe8d3b70278398dc27d3",
    "Scan Time": 0.037927083333333333,
    "Pass": false,
    "Type": "ciImage",
    "Distro": "alpine-3.12.1",
    "Hostname": "INBLREVRACBR026",
    "CVE ID": "CVE-2021-11111",
    "Compliance ID": 46,
    "Type_1": "Application",
    "Severity": "critical",
    "Packages": "openssl",
    "Package Version": "1.1.1k-r0",
    "Package License": "Apache-2.0",
    "CVSS": 9.8,
    "Fix Status": "not fixed",
    "Fix Date": 0.010416666666666666,
    "Description": "An issue was discovered in OpenSSL before 1.1.1k. The X509_issuer_and_serial_hash function in crypto/x509/x509_obj.c can cause certain applications to crash if they fail to call X509_cmp, because a NULL value can be passed to the ASN1_INTEGER_cmp function.",
    "Published": 0.010416666666666666,
    "Vulnerability Link": "https://nvd.nist.gov/vuln/detail/CVE-2021-11111",
    "Vulnerability Status": "Open",
    "Comment 1": "",
    "Comment 2": "",
    "Comment 3": "",
    "Due Date": "2023-07-20T09:29:16.052Z"
  },
  {
    "Registry": "hc-us-east-aws-artifactory.cloud.health.ge.com",
    "Repository": "docker-algorithm-orchestrator-dev-all/redis",
    "Tag": "6.0.9-alpine3.12",
    "Id": "sha256:abcd1234efgh5678ijklmnopqrstuvwx9yz0123",
    "Scan Time": 0.037927083333333333,
    "Pass": false,
    "Type": "ciImage",
    "Distro": "alpine-3.12.1",
    "Hostname": "INBLREVRACBR026",
    "CVE ID": "CVE-2022-12345",
    "Compliance ID": 46,
    "Type_1": "OS",
    "Severity": "medium",
    "Packages": "apache",
    "Package Version": "2.4.48-r0",
    "Package License": "Apache-2.0",
    "CVSS": 6.2,
    "Fix Status": "fixed in 2.4.49-r0",
    "Fix Date": 0.010416666666666666,
    "Description": "Apache HTTP Server through 2.4.48, when mod_auth_openidc is enabled and the environment variable HTTP_PROXY is set to '127.0.0.1:80' or 'localhost:80', causes a NULL pointer dereference and crashes in the OIDC provider module.",
    "Published": 0.010416666666666666,
    "Vulnerability Link": "https://nvd.nist.gov/vuln/detail/CVE-2022-12345",
    "Vulnerability Status": "Open",
    "Comment 1": "",
    "Comment 2": "",
    "Comment 3": "",
    "Due Date": "2023-07-20T09:29:16.052Z"
  },
  {
    "Registry": "hc-us-east-aws-artifactory.cloud.health.ge.com",
    "Repository": "docker-algorithm-orchestrator-dev-all/redis",
    "Tag": "6.0.9-alpine3.12",
    "Id": "sha256:efgh5678ijklmnopqrstuvwx9yz0123abcd1234",
    "Scan Time": 0.037927083333333333,
    "Pass": true,
    "Type": "ciImage",
    "Distro": "alpine-3.12.1",
    "Hostname": "INBLREVRACBR026",
    "CVE ID": "CVE-2022-54321",
    "Compliance ID": 46,
    "Type_1": "OS",
    "Severity": "low",
    "Packages": "ruby",
    "Package Version": "2.7.4-r0",
    "Package License": "BSD-2-Clause",
    "CVSS": 3.1,
    "Fix Status": "fixed in 2.7.5-r0",
    "Fix Date": 0.010416666666666666,
    "Description": "RubyGems 3.0.x before 3.2.30, 3.1.x before 3.1.9.2, and 2.7.x before 2.7.9.2 allows remote code execution if a user is tricked into installing a malicious gem which contains a shell command in its metadata that is executed when the gem is opened.",
    "Published": 0.010416666666666666,
    "Vulnerability Link": "https://nvd.nist.gov/vuln/detail/CVE-2022-54321",
    "Vulnerability Status": "Open",
    "Comment 1": "",
    "Comment 2": "",
    "Comment 3": "",
    "Due Date": "2023-07-20T09:29:16.052Z"
  },
  {
    "Registry": "hc-us-east-aws-artifactory.cloud.health.ge.com",
    "Repository": "docker-algorithm-orchestrator-dev-all/redis",
    "Tag": "6.0.9-alpine3.12",
    "Id": "sha256:ijklmnopqrstuvwx9yz0123abcd1234efgh5678",
    "Scan Time": 0.037927083333333333,
    "Pass": true,
    "Type": "ciImage",
    "Distro": "alpine-3.12.1",
    "Hostname": "INBLREVRACBR026",
    "CVE ID": "CVE-2022-98765",
    "Compliance ID": 46,
    "Type_1": "Application",
    "Severity": "high",
    "Packages": "tomcat",
    "Package Version": "9.0.53-r0",
    "Package License": "Apache-2.0",
    "CVSS": 7.8,
    "Fix Status": "fixed in 9.0.54-r0",
    "Fix Date": 0.010416666666666666,
    "Description": "Apache Tomcat through 9.0.53 has a session fixation vulnerability, as demonstrated by the ability to achieve arbitrary code execution if the attacker can precisely control the sequences of HTTP requests sent by a victim (exploitable if the victim's application server has an exposed HTTP connector or the connector is relatively exposed to the attacker).",
    "Published": 0.010416666666666666,
    "Vulnerability Link": "https://nvd.nist.gov/vuln/detail/CVE-2022-98765",
    "Vulnerability Status": "Open",
    "Comment 1": "",
    "Comment 2": "",
    "Comment 3": "",
    "Due Date": "2023-07-20T09:29:16.052Z"
  }
]
